{
    "step": [
        1000,
        2000,
        3000,
        4000,
        5000,
        6000,
        7000,
        8000,
        9000,
        10000,
        11000,
        12000,
        13000,
        14000,
        15000,
        16000,
        17000,
        18000,
        19000,
        20000,
        21000,
        22000,
        23000,
        24000,
        25000,
        26000,
        27000,
        28000,
        29000,
        30000,
        31000,
        32000,
        33000,
        34000,
        35000,
        36000,
        37000,
        38000,
        39000
    ],
    "train/loss_avg": [
        0.36711734171573457,
        0.2642940666675568,
        0.24702709940075873,
        0.23805948796868323,
        0.23295786319673062,
        0.22990704925358296,
        0.2273028140515089,
        0.2253260318338871,
        0.22233416178822518,
        0.22120554259419442,
        0.22006831100583077,
        0.21763764847815037,
        0.21762774135172366,
        0.21606901164352893,
        0.2163236899971962,
        0.21457404087483883,
        0.21336650961637496,
        0.21461197546124458,
        0.2132929908633232,
        0.21266705970466138,
        0.21210738565027715,
        0.2120195676535368,
        0.2114176281094551,
        0.21085631336271762,
        0.2105163341611624,
        0.21007634642720222,
        0.21007616214454175,
        0.20919963306188583,
        0.2094946844726801,
        0.20958269464969634,
        0.2093919352889061,
        0.2083863435834646,
        0.2088016238063574,
        0.2089499495178461,
        0.2079009511321783,
        0.20815922962129116,
        0.20805277344584466,
        0.20798472566902637,
        0.20813456735014915
    ],
    "eval/loss_avg": [
        0.27058660984039307,
        0.2600772976875305,
        0.23627623915672302,
        0.23133650422096252,
        0.24380691349506378,
        0.22124001383781433,
        0.22201545536518097,
        0.22292907536029816,
        0.21995893120765686,
        0.216469407081604,
        0.22099082171916962,
        0.21283452212810516,
        0.21312081813812256,
        0.20966693758964539,
        0.21931615471839905,
        0.2161892205476761,
        0.21287453174591064,
        0.2161039412021637,
        0.20875100791454315,
        0.2083403617143631,
        0.20718815922737122,
        0.21223333477973938,
        0.2076149731874466,
        0.20886299014091492,
        0.2095780372619629,
        0.21485671401023865,
        0.20664891600608826,
        0.20885498821735382,
        0.21483197808265686,
        0.20633260905742645,
        0.209496408700943,
        0.20757272839546204,
        0.20785489678382874,
        0.21213746070861816,
        0.20922096073627472,
        0.20494642853736877,
        0.20701567828655243,
        0.20191672444343567,
        0.2034914195537567
    ]
}