{
    "step": [
        1000,
        2000,
        3000,
        4000,
        5000,
        6000,
        7000,
        8000,
        9000,
        10000,
        11000,
        12000,
        13000,
        14000,
        15000,
        16000,
        17000,
        18000,
        19000,
        20000,
        21000,
        22000,
        23000,
        24000,
        25000,
        26000,
        27000,
        28000,
        29000,
        30000,
        31000,
        32000,
        33000,
        34000,
        35000,
        36000,
        37000,
        38000,
        39000
    ],
    "train/loss_avg": [
        0.4045089607263778,
        0.23312394347786902,
        0.2226871343255043,
        0.2155555520504713,
        0.21200209285318852,
        0.20761698876321316,
        0.2067366078644991,
        0.20359126703441144,
        0.20116764333844184,
        0.2004417476505041,
        0.19851955695450305,
        0.19753859624266623,
        0.19630519886314868,
        0.19586434096097946,
        0.19416049617528916,
        0.19303912325203418,
        0.19251053082942962,
        0.19218865606188773,
        0.19038251802325248,
        0.19061552824079991,
        0.19046808756887912,
        0.1893230698108673,
        0.1889348608702421,
        0.1887852201461792,
        0.18844288043677807,
        0.18771641336381437,
        0.18659032252430915,
        0.18707860471308232,
        0.1859292466789484,
        0.18573936635255814,
        0.18619611170887948,
        0.18574560543894766,
        0.18568217372894288,
        0.18526191829144956,
        0.18551518604159356,
        0.1856158514469862,
        0.1847606079429388,
        0.18512743370234966,
        0.18427808879315852
    ],
    "eval/loss_avg": [
        0.23702874779701233,
        0.23857469856739044,
        0.21643181145191193,
        0.21003849804401398,
        0.20742197334766388,
        0.20310035347938538,
        0.20613610744476318,
        0.19853797554969788,
        0.2067127227783203,
        0.19903279840946198,
        0.19394633173942566,
        0.1910777986049652,
        0.19115176796913147,
        0.19289851188659668,
        0.19713717699050903,
        0.1967981457710266,
        0.18995657563209534,
        0.1864953190088272,
        0.1923704743385315,
        0.19247157871723175,
        0.19055180251598358,
        0.1863178312778473,
        0.18923547863960266,
        0.18753576278686523,
        0.18323378264904022,
        0.18216004967689514,
        0.18849287927150726,
        0.18302176892757416,
        0.18063390254974365,
        0.18260523676872253,
        0.185730442404747,
        0.18958623707294464,
        0.185496523976326,
        0.18262453377246857,
        0.19017648696899414,
        0.18515954911708832,
        0.1813310980796814,
        0.18683944642543793,
        0.18020933866500854
    ]
}