{
    "step": [
        1000,
        2000,
        3000,
        4000,
        5000,
        6000,
        7000,
        8000,
        9000,
        10000,
        11000,
        12000,
        13000
    ],
    "train/loss_avg": [
        0.4091716101476839,
        0.23314578947424888,
        0.22165659992396833,
        0.21440137192606926,
        0.21009094555675983,
        0.20667402552068234,
        0.20471612359583377,
        0.2025106792449951,
        0.20088371662795543,
        0.1997876736074686,
        0.19816843555867672,
        0.1958762316554785,
        0.1949805130958557
    ],
    "eval/loss_avg": [
        0.2387654036283493,
        0.21740484237670898,
        0.20890450477600098,
        0.21588607132434845,
        0.21038410067558289,
        0.20311041176319122,
        0.20017282664775848,
        0.18962934613227844,
        0.2017095983028412,
        0.19686010479927063,
        0.19926048815250397,
        0.19349099695682526,
        0.1961260586977005
    ]
}