{
    "epoch": [
        1,
        2,
        3,
        4,
        5,
        6,
        7,
        8,
        9,
        10,
        11,
        12,
        13,
        14,
        15,
        16,
        17,
        18,
        19,
        20,
        21,
        22,
        23,
        24,
        25,
        26,
        27,
        28,
        29,
        30,
        31,
        32,
        33,
        34,
        35,
        36,
        37,
        38,
        39,
        40,
        41,
        42,
        43,
        44,
        45,
        46,
        47,
        48,
        49,
        50,
        51,
        52,
        53,
        54,
        55,
        56,
        57,
        58,
        59,
        60,
        61,
        62,
        63,
        64,
        65,
        66,
        67,
        68,
        69,
        70,
        71,
        72,
        73,
        74,
        75,
        76,
        77,
        78,
        79,
        80,
        81,
        82,
        83,
        84,
        85,
        86,
        87,
        88,
        89,
        90,
        91,
        92,
        93,
        94,
        95,
        96,
        97,
        98,
        99,
        100
    ],
    "train_loss": [
        947.4074586310609,
        613.6116654679582,
        562.9341718968947,
        538.6888953731452,
        521.0873059734373,
        510.25347339901936,
        502.3789973715892,
        496.3417544165759,
        491.332945896308,
        487.84036637289813,
        484.18233002608764,
        481.6178367483528,
        478.710104490088,
        476.6456765589609,
        474.8649864477959,
        472.98448501699386,
        471.31250886659365,
        470.3294020894119,
        468.5101367284976,
        467.43724305623874,
        466.2767478136817,
        465.79670597235753,
        464.0972625957367,
        464.0015359452081,
        462.4853771500271,
        461.7910990234675,
        461.21139447636335,
        460.4822179058553,
        459.78242593901166,
        459.1559692870194,
        458.5410315023886,
        457.92651265962115,
        457.44719673550395,
        456.53032110715674,
        456.4022786845739,
        455.7877247878316,
        455.2358454673823,
        455.0939527881819,
        454.15903917167344,
        453.7035468661521,
        453.33653641684344,
        453.17598544409,
        452.78489334518844,
        452.39609580075125,
        451.67228614375983,
        451.66424041298154,
        451.1567307268372,
        450.75088639692825,
        450.3448197273423,
        450.3187172254708,
        449.7380317294334,
        449.8895082590914,
        449.305246282854,
        448.9660970701925,
        448.9123545653697,
        448.4523815370602,
        448.4321730142729,
        448.0243319762134,
        447.7177724814825,
        447.7664607467464,
        447.4864542818187,
        447.2233972760325,
        447.19394404530817,
        446.903669971213,
        446.878363232062,
        446.567125625048,
        446.3150691001948,
        446.6487703440523,
        446.0429501920133,
        446.3727898750024,
        446.13899405289635,
        446.10199486359915,
        446.1153629312351,
        445.9415010644411,
        445.98608645877323,
        445.8264757386004,
        445.86275437188675,
        445.7029446501111,
        445.7227144358492,
        445.8556071475917,
        445.59440592172984,
        445.6893139400998,
        445.53724518572085,
        445.727507870086,
        445.6669774535833,
        445.30970115567897,
        445.4635052130322,
        445.31651439244973,
        445.5050406303687,
        445.38415139313116,
        445.0485256298168,
        445.1683296559777,
        445.4483855526336,
        444.9898293609994,
        445.24059203801636,
        445.0105836385591,
        444.9571580254182,
        445.1616054600521,
        444.6850934790159,
        445.06120294669336
    ],
    "val_loss": [
        649.832275390625,
        570.6536865234375,
        541.5592651367188,
        533.1543579101562,
        506.1759948730469,
        507.50341796875,
        491.37042236328125,
        489.2911071777344,
        482.7586364746094,
        481.97540283203125,
        483.5545959472656,
        482.0425720214844,
        477.207275390625,
        485.9898376464844,
        478.33203125,
        470.5663146972656,
        469.5472717285156,
        465.4516296386719,
        470.5504455566406,
        472.4393005371094,
        466.6710510253906,
        469.6510314941406,
        465.4254455566406,
        466.9703063964844,
        459.4335632324219,
        458.298095703125,
        460.4544982910156,
        449.9095153808594,
        457.7257995605469,
        461.7900085449219,
        451.24053955078125,
        452.7756042480469,
        459.2885437011719,
        449.4933166503906,
        455.36505126953125,
        451.1363220214844,
        456.70245361328125,
        453.30352783203125,
        459.91217041015625,
        456.67901611328125,
        454.6217346191406,
        458.4771423339844,
        451.0309753417969,
        454.8353576660156,
        454.1115417480469,
        454.94268798828125,
        450.6396484375,
        456.0649108886719,
        462.7763366699219,
        445.5373229980469,
        449.1504821777344,
        446.844482421875,
        451.5205078125,
        446.9891052246094,
        448.6363830566406,
        449.6059265136719,
        446.2178649902344,
        448.80230712890625,
        452.2251892089844,
        446.103759765625,
        441.7584533691406,
        451.6946716308594,
        444.611328125,
        450.43804931640625,
        443.8765563964844,
        448.7591857910156,
        453.76910400390625,
        443.1025390625,
        439.49365234375,
        447.94317626953125,
        445.9805603027344,
        445.2308044433594,
        450.9119567871094,
        452.5640563964844,
        450.7071228027344,
        451.9912109375,
        449.935302734375,
        447.48956298828125,
        442.236572265625,
        456.6559753417969,
        442.5912780761719,
        445.62451171875,
        438.67236328125,
        449.34326171875,
        444.7196350097656,
        456.14971923828125,
        443.745361328125,
        442.0502014160156,
        441.7546081542969,
        451.77880859375,
        446.4997253417969,
        450.95953369140625,
        448.9893493652344,
        446.2393493652344,
        442.99249267578125,
        442.7294006347656,
        447.5257873535156,
        445.4803771972656,
        453.8781433105469,
        449.9933166503906
    ]
}