{
    "epoch": [
        1,
        2,
        3,
        4,
        5,
        6,
        7,
        8,
        9,
        10,
        11,
        12,
        13,
        14,
        15,
        16,
        17,
        18,
        19,
        20,
        21,
        22,
        23,
        24,
        25,
        26,
        27,
        28,
        29,
        30,
        31,
        32,
        33,
        34,
        35,
        36,
        37,
        38,
        39,
        40,
        41,
        42,
        43,
        44,
        45,
        46,
        47,
        48,
        49,
        50
    ],
    "train_loss": [
        326.13576298784415,
        243.19946999318154,
        238.2592998221707,
        235.04273797544982,
        233.62460266659633,
        232.39791370596728,
        231.2171118655778,
        229.63494342306385,
        229.1391695027461,
        228.0293823788538,
        227.68653615966173,
        226.88932966149372,
        226.41511797112273,
        225.65893896156564,
        225.46356888012508,
        225.29118600830702,
        224.3967426231755,
        224.38561293658088,
        223.87614079936387,
        223.3156474472007,
        223.5998457886679,
        222.65321073019902,
        222.91425961545667,
        222.11581569193575,
        222.11403037459039,
        222.41727589951148,
        221.74016748608835,
        221.81145383634836,
        221.56689133119704,
        221.26469370654172,
        221.2385656449496,
        221.77850613020874,
        221.49231263377783,
        220.7910923287082,
        221.32064003712685,
        221.22326088439473,
        221.25973323422014,
        220.98651917206357,
        221.19902091258018,
        220.9959641868806,
        221.28969452996998,
        221.02669222702457,
        220.73059197155106,
        220.9681312970798,
        220.9901515833862,
        220.72370233560156,
        220.90096378570323,
        220.54769905265945,
        221.03202047128508,
        220.9405662946384
    ],
    "val_loss": [
        250.3577423095703,
        235.70046997070312,
        239.63516235351562,
        233.71568298339844,
        232.9438018798828,
        227.65713500976562,
        233.1919403076172,
        224.3704071044922,
        226.18345642089844,
        224.2924346923828,
        221.7470245361328,
        230.31765747070312,
        226.7973175048828,
        226.969970703125,
        225.9638214111328,
        229.9356689453125,
        227.0284423828125,
        223.2388153076172,
        224.99600219726562,
        221.4615478515625,
        226.1741180419922,
        221.9877471923828,
        228.0543975830078,
        225.94863891601562,
        221.87229919433594,
        218.0252227783203,
        222.7382354736328,
        223.20999145507812,
        223.8746337890625,
        222.33335876464844,
        223.05906677246094,
        222.4527130126953,
        225.8026885986328,
        226.5030975341797,
        221.33544921875,
        222.73489379882812,
        218.15647888183594,
        225.8503875732422,
        221.24205017089844,
        221.7705841064453,
        222.648193359375,
        226.3834686279297,
        221.9938507080078,
        223.2499542236328,
        225.2522735595703,
        223.2575225830078,
        215.8788604736328,
        226.2036895751953,
        221.5969696044922,
        222.44387817382812
    ]
}